file,line,pattern,snippet
Modules/Distribution/Utils/TransactionUtil.php,9,"/\\App\\/","class TransactionUtil extends \App\Utils\TransactionUtil"
Modules/Distribution/Utils/Util.php,9,"/\\App\\/","class Util extends \App\Utils\Util"
Modules/Distribution/Utils/ContactUtil.php,9,"/\\App\\/","class ContactUtil extends \App\Utils\ContactUtil"
Modules/Distribution/Utils/BusinessUtil.php,10,"/\\App\\/","class BusinessUtil extends \App\Utils\BusinessUtil"
Modules/Distribution/Utils/ProductUtil.php,9,"/\\App\\/","class ProductUtil extends \App\Utils\ProductUtil"
Modules/Distribution/Utils/ModuleUtil.php,9,"/\\App\\/","class ModuleUtil extends \App\Utils\ModuleUtil"
Modules/Distribution/Http/Controllers/DistributionBaseController.php,12,"/\\App\\/","class DistributionBaseController extends \App\Http\Controllers\Controller"
Modules/Distribution/Support/DistributionStandaloneDependencyScanner.php,12,"/\\App\\/","'main_app_namespace' => '/\\b(use\\s+App\\\\|extends\\s+\\\\App\\\\|new\\s+\\\\?App\\\\|App\\\\)/',"
Modules/Distribution/Support/Dependency/DistributionDependencyBoundary.php,14,"/\\App\\/","return '\\App\\' . ltrim($class, '\\');"
Modules/Distribution/Entities/DistributionAccountTransaction.php,10,"/\\App\\/","class DistributionAccountTransaction extends \App\AccountTransaction"
Modules/Distribution/Entities/Core/TaxRate.php,9,"/\\App\\/","class TaxRate extends \App\TaxRate"
Modules/Distribution/Entities/Core/Account.php,9,"/\\App\\/","class Account extends \App\Account"
Modules/Distribution/Entities/Core/ExpenseCategory.php,9,"/\\App\\/","class ExpenseCategory extends \App\ExpenseCategory"
Modules/Distribution/Entities/Core/SalesAgent.php,9,"/\\App\\/","class SalesAgent extends \App\SalesAgent"
Modules/Distribution/Entities/Core/Contact.php,9,"/\\App\\/","class Contact extends \App\Contact"
Modules/Distribution/Entities/Core/User.php,9,"/\\App\\/","class User extends \App\User"
Modules/Distribution/Entities/Core/Customer.php,9,"/\\App\\/","class Customer extends \App\Customer"
Modules/Distribution/Entities/Core/Product.php,9,"/\\App\\/","class Product extends \App\Product"
Modules/Distribution/Entities/Core/System.php,9,"/\\App\\/","class System extends \App\System"
Modules/Distribution/Entities/Core/BusinessLocation.php,9,"/\\App\\/","class BusinessLocation extends \App\BusinessLocation"
Modules/Distribution/Entities/Core/Transaction.php,9,"/\\App\\/","class Transaction extends \App\Transaction"
Modules/Distribution/Entities/Core/AccountType.php,9,"/\\App\\/","class AccountType extends \App\AccountType"
Modules/Distribution/Entities/Core/Unit.php,9,"/\\App\\/","class Unit extends \App\Unit"
Modules/Distribution/Entities/Core/TransactionPayment.php,9,"/\\App\\/","class TransactionPayment extends \App\TransactionPayment"
Modules/Distribution/Entities/Core/OpeningBalance.php,9,"/\\App\\/","class OpeningBalance extends \App\OpeningBalance"
Modules/Distribution/Entities/Core/Business.php,9,"/\\App\\/","class Business extends \App\Business"
Modules/Distribution/Entities/Core/Category.php,9,"/\\App\\/","class Category extends \App\Category"
Modules/Distribution/Entities/DistributionPurchaseLine.php,10,"/\\App\\/","class DistributionPurchaseLine extends \App\PurchaseLine"
Modules/Distribution/Resources/views/contacts/quick_create.blade.php,11,"/@include\([""'](?!distribution::)/","@include('contact.create', ['quick_add' => $quick_add ?? true])"
